Timestamp,hands,control_mode,lhg,rhg,capture,landmarks,gestures,interpret,drawing,ik,jacobian
2025-02-19 11:58:54.828016,2,Hand Mimic,one,fist,0.0015549659729003906,0.030171871185302734,0.0005033016204833984,0.004988431930541992,0.0031385421752929688
2025-02-19 11:58:54.883646,2,Hand Mimic,one,pick,0.002022266387939453,0.02373981475830078,0.0005333423614501953,0.01644110679626465,0.003398418426513672
2025-02-19 11:58:54.947298,2,Hand Mimic,one,pick,0.0005428791046142578,0.030359983444213867,0.0007433891296386719,0.021224260330200195,0.004148960113525391
2025-02-19 11:58:55.008415,2,Hand Mimic,one,pick,0.002065420150756836,0.026500940322875977,0.0007951259613037109,0.018924236297607422,0.004207611083984375
2025-02-19 11:58:55.068231,2,Hand Mimic,one,pick,0.0006580352783203125,0.025036096572875977,0.0007622241973876953,0.021497249603271484,0.0032918453216552734
2025-02-19 11:58:55.125321,2,Hand Mimic,fist,pick,0.0004918575286865234,0.02742481231689453,0.0010724067687988281,0.004497051239013672,0.004990339279174805
2025-02-19 11:58:55.184761,2,Hand Mimic,fist,pick,0.0007765293121337891,0.032196998596191406,0.0007581710815429688,0.004029512405395508,0.004186391830444336
2025-02-19 11:58:55.245822,2,Hand Mimic,fist,pick,0.000904083251953125,0.033449411392211914,0.0009131431579589844,0.00500035285949707,0.004579305648803711
2025-02-19 11:58:55.304369,2,Hand Mimic,fist,pick,0.0005943775177001953,0.030324459075927734,0.0012068748474121094,0.005306720733642578,0.0033135414123535156
2025-02-19 11:58:55.363850,2,Hand Mimic,fist,pick,0.0005500316619873047,0.0320131778717041,0.001374959945678711,0.006310939788818359,0.0032672882080078125
2025-02-19 11:58:55.447512,2,Hand Mimic,fist,pick,0.0011188983917236328,0.0480656623840332,0.0010356903076171875,0.005666494369506836,0.00677490234375
2025-02-19 11:58:55.525088,2,Hand Mimic,one,pick,0.002106189727783203,0.032399654388427734,0.0009667873382568359,0.010868549346923828,0.004019498825073242
2025-02-19 11:58:55.588708,2,Hand Mimic,one,pick,0.0006926059722900391,0.030189990997314453,0.0009579658508300781,0.018899917602539062,0.004770040512084961
2025-02-19 11:58:55.649000,2,Hand Mimic,one,pick,0.0020914077758789062,0.03287172317504883,0.0012912750244140625,0.010949134826660156,0.004651308059692383
2025-02-19 11:58:55.708303,2,Hand Mimic,one,pick,0.0005950927734375,0.029877424240112305,0.0009417533874511719,0.014934778213500977,0.0032737255096435547
2025-02-19 11:58:55.769798,2,Hand Mimic,one,pick,0.000514984130859375,0.0307157039642334,0.0008451938629150391,0.016179800033569336,0.0045833587646484375
2025-02-19 11:58:55.830579,2,Hand Mimic,one,pick,0.0004520416259765625,0.0331881046295166,0.0009503364562988281,0.012672185897827148,0.005079507827758789
2025-02-19 11:58:55.911184,2,Hand Mimic,one,pick,0.0020706653594970703,0.036284446716308594,0.0010793209075927734,0.028670787811279297,0.00458836555480957
2025-02-19 11:58:55.990365,2,Hand Mimic,one,pick,0.0019214153289794922,0.03462958335876465,0.0008585453033447266,0.026485681533813477,0.0049326419830322266
2025-02-19 11:58:56.070610,2,Hand Mimic,one,pick,0.001032114028930664,0.03471660614013672,0.0012001991271972656,0.02986884117126465,0.0060689449310302734
2025-02-19 11:58:56.129443,2,Hand Mimic,one,pick,0.00046133995056152344,0.03358316421508789,0.0009601116180419922,0.011703252792358398,0.005154609680175781
2025-02-19 11:58:56.211967,2,Hand Mimic,one,pick,0.0027647018432617188,0.04195833206176758,0.0011737346649169922,0.023799419403076172,0.0054128170013427734
2025-02-19 11:58:56.291753,2,Hand Mimic,one,pick,0.0006117820739746094,0.03841543197631836,0.0012400150299072266,0.02863764762878418,0.00571751594543457
2025-02-19 11:58:56.370106,2,Hand Mimic,one,pick,0.0024394989013671875,0.03500223159790039,0.0007984638214111328,0.027933835983276367,0.004185914993286133
2025-02-19 11:58:56.451335,2,Hand Mimic,one,pick,0.0009870529174804688,0.04284167289733887,0.0015172958374023438,0.02632427215576172,0.006432771682739258
2025-02-19 11:58:56.530867,2,Hand Mimic,one,pick,0.0012340545654296875,0.0330352783203125,0.0009524822235107422,0.03189802169799805,0.004420280456542969
2025-02-19 11:58:56.610435,2,Hand Mimic,one,pick,0.0070760250091552734,0.035391807556152344,0.0006036758422851562,0.02143096923828125,0.00559234619140625
2025-02-19 11:58:56.689929,2,Hand Mimic,one,pick,0.0027861595153808594,0.03043389320373535,0.00080108642578125,0.028850317001342773,0.004998683929443359
2025-02-19 11:58:56.750318,2,Hand Mimic,one,pick,0.0005993843078613281,0.03171491622924805,0.0009548664093017578,0.014865875244140625,0.005063772201538086
2025-02-19 11:58:56.810618,2,Hand Mimic,one,pick,0.002529144287109375,0.029703617095947266,0.0010242462158203125,0.012477397918701172,0.00619196891784668
2025-02-19 11:58:56.868144,2,Hand Mimic,one,pick,0.0007407665252685547,0.030342817306518555,0.0010061264038085938,0.014943361282348633,0.003801107406616211
2025-02-19 11:58:56.930761,2,Hand Mimic,one,pick,0.0009179115295410156,0.02864813804626465,0.0008933544158935547,0.011703968048095703,0.006241798400878906
2025-02-19 11:58:56.989127,2,Hand Mimic,one,pick,0.00047850608825683594,0.0328526496887207,0.0008487701416015625,0.012786149978637695,0.004645347595214844
2025-02-19 11:58:57.071742,2,Hand Mimic,one,pick,0.0005147457122802734,0.03901958465576172,0.000982046127319336,0.026855945587158203,0.007048130035400391
2025-02-19 11:58:57.131159,2,Hand Mimic,one,pick,0.0012993812561035156,0.032099246978759766,0.001767873764038086,0.010338068008422852,0.00732874870300293
2025-02-19 11:58:57.209255,2,Hand Mimic,one,pick,0.001270294189453125,0.03755354881286621,0.0009601116180419922,0.02962327003479004,0.003999948501586914
2025-02-19 11:58:57.268662,2,Hand Mimic,one,pick,0.002528667449951172,0.0302126407623291,0.0006222724914550781,0.013329744338989258,0.003675222396850586
2025-02-19 11:58:57.330963,2,Hand Mimic,one,pick,0.001644134521484375,0.028920888900756836,0.0011262893676757812,0.015441656112670898,0.005896091461181641
2025-02-19 11:58:57.393030,2,Hand Mimic,one,pick,0.000545501708984375,0.03349900245666504,0.0008544921875,0.014550209045410156,0.008113384246826172
2025-02-19 11:58:57.451818,2,Hand Mimic,one,pick,0.0008478164672851562,0.030142784118652344,0.00109100341796875,0.011340856552124023,0.006338596343994141
2025-02-19 11:58:57.528423,2,Hand Mimic,one,pick,0.0016884803771972656,0.027881860733032227,0.0005426406860351562,0.02892613410949707,0.003426790237426758
2025-02-19 11:58:57.590377,2,Hand Mimic,one,pick,0.004263639450073242,0.031667232513427734,0.0007407665252685547,0.014560937881469727,0.005284309387207031
2025-02-19 11:58:57.651041,2,Hand Mimic,one,pick,0.0005698204040527344,0.029816389083862305,0.0010519027709960938,0.012360572814941406,0.0059587955474853516
2025-02-19 11:58:57.710440,2,Hand Mimic,one,pick,0.0007560253143310547,0.027968168258666992,0.0009913444519042969,0.014382362365722656,0.005816459655761719
2025-02-19 11:58:57.769191,2,Hand Mimic,one,pick,0.0029685497283935547,0.02843451499938965,0.0010173320770263672,0.011052608489990234,0.00481724739074707
2025-02-19 11:58:57.828304,2,Hand Mimic,one,pick,0.0019426345825195312,0.029565095901489258,0.0010941028594970703,0.013010740280151367,0.004166841506958008
2025-02-19 11:58:57.888628,2,Hand Mimic,one,pick,0.0026786327362060547,0.03291821479797363,0.0007646083831787109,0.010230541229248047,0.004444599151611328
2025-02-19 11:58:57.949580,2,Hand Mimic,one,pick,0.0006108283996582031,0.03352546691894531,0.0008168220520019531,0.015223979949951172,0.004868745803833008
2025-02-19 11:58:58.011409,2,Hand Mimic,one,pick,0.0005788803100585938,0.03028273582458496,0.0007033348083496094,0.012691020965576172,0.006091117858886719
2025-02-19 11:58:58.088482,2,Hand Mimic,one,pick,0.0006864070892333984,0.03319239616394043,0.0008802413940429688,0.02990245819091797,0.004328250885009766
2025-02-19 11:58:58.150630,2,Hand Mimic,one,pick,0.0019812583923339844,0.029218435287475586,0.0007417201995849609,0.016080617904663086,0.0060694217681884766
2025-02-19 11:58:58.232360,2,Hand Mimic,one,pick,0.002307891845703125,0.033112287521362305,0.0008482933044433594,0.02771782875061035,0.007300138473510742
2025-02-19 11:58:58.291074,2,Hand Mimic,one,pick,0.0005877017974853516,0.03136897087097168,0.0015268325805664062,0.011869430541992188,0.00483393669128418
2025-02-19 11:58:58.350499,2,Hand Mimic,one,pick,0.0011966228485107422,0.030390024185180664,0.0008969306945800781,0.012626886367797852,0.0058345794677734375
2025-02-19 11:58:58.409240,2,Hand Mimic,one,pick,0.0008254051208496094,0.03256940841674805,0.001066446304321289,0.010700225830078125,0.005712985992431641
2025-02-19 11:58:58.470171,2,Hand Mimic,one,pick,0.0006847381591796875,0.025999069213867188,0.0007159709930419922,0.017946243286132812,0.0060613155364990234
2025-02-19 11:58:58.528462,2,Hand Mimic,one,pick,0.0005023479461669922,0.02562856674194336,0.0006918907165527344,0.01906108856201172,0.004693031311035156
2025-02-19 11:58:58.589988,2,Hand Mimic,one,pick,0.0005502700805664062,0.03123188018798828,0.0007798671722412109,0.018534183502197266,0.005917549133300781
2025-02-19 11:58:58.649061,2,Hand Mimic,one,pick,0.0007002353668212891,0.026876449584960938,0.0005462169647216797,0.020233869552612305,0.005460262298583984
2025-02-19 11:58:58.708793,2,Hand Mimic,one,pick,0.0006411075592041016,0.03038477897644043,0.0009160041809082031,0.01633310317993164,0.004563808441162109
2025-02-19 11:58:58.770263,2,Hand Mimic,one,pick,0.0003974437713623047,0.024918794631958008,0.0008387565612792969,0.0192110538482666,0.005891323089599609
2025-02-19 11:58:58.828466,2,Hand Mimic,one,pick,0.0016207695007324219,0.03080010414123535,0.000789642333984375,0.015407562255859375,0.0043926239013671875
2025-02-19 11:58:58.889650,2,Hand Mimic,one,pick,0.001971721649169922,0.023375511169433594,0.0007722377777099609,0.02041339874267578,0.005959033966064453
2025-02-19 11:58:58.950167,2,Hand Mimic,one,pick,0.0007531642913818359,0.028958559036254883,0.0008876323699951172,0.017034292221069336,0.005601644515991211
2025-02-19 11:58:59.008395,2,Hand Mimic,one,pick,0.0005476474761962891,0.03426384925842285,0.0006787776947021484,0.011447429656982422,0.00455164909362793
2025-02-19 11:58:59.069723,2,Hand Mimic,one,pick,0.0005190372467041016,0.027378320693969727,0.0005381107330322266,0.020631074905395508,0.005433082580566406
2025-02-19 11:58:59.128562,2,Hand Mimic,one,pick,0.0011234283447265625,0.02909088134765625,0.0008554458618164062,0.015481948852539062,0.004881143569946289
2025-02-19 11:58:59.188891,2,Hand Mimic,one,pick,0.0005743503570556641,0.030197620391845703,0.0006659030914306641,0.019959688186645508,0.00502777099609375
2025-02-19 11:58:59.251278,2,Hand Mimic,one,pick,0.0003876686096191406,0.029005050659179688,0.0008151531219482422,0.015993118286132812,0.0070683956146240234
2025-02-19 11:58:59.310338,2,Hand Mimic,one,pick,0.0005879402160644531,0.029598712921142578,0.0009698867797851562,0.014120340347290039,0.006015300750732422
2025-02-19 11:58:59.369075,2,Hand Mimic,one,pick,0.0005218982696533203,0.028110027313232422,0.001051187515258789,0.0169069766998291,0.005253791809082031
2025-02-19 11:58:59.428354,2,Hand Mimic,one,pick,0.0025169849395751953,0.02495718002319336,0.0007085800170898438,0.019500017166137695,0.004538536071777344
2025-02-19 11:58:59.488249,2,Hand Mimic,one,pick,0.0006086826324462891,0.03597378730773926,0.0007860660552978516,0.014888525009155273,0.0040624141693115234
2025-02-19 11:58:59.547572,2,Hand Mimic,one,pick,0.0007214546203613281,0.029480695724487305,0.0009522438049316406,0.016566753387451172,0.003618478775024414
2025-02-19 11:58:59.607249,2,Hand Mimic,one,pick,0.0017914772033691406,0.024914026260375977,0.0007750988006591797,0.021864652633666992,0.0030357837677001953
2025-02-19 11:58:59.669195,2,Hand Mimic,one,pick,0.0029764175415039062,0.03401446342468262,0.000736236572265625,0.013278007507324219,0.004972219467163086
2025-02-19 11:58:59.730000,2,Hand Mimic,one,pick,0.0007979869842529297,0.02858138084411621,0.0010046958923339844,0.02171921730041504,0.0057561397552490234
2025-02-19 11:58:59.789889,2,Hand Mimic,one,pick,0.0006704330444335938,0.025389432907104492,0.0008587837219238281,0.02063584327697754,0.005373239517211914
2025-02-19 11:58:59.849769,2,Hand Mimic,one,pick,0.002098560333251953,0.025028228759765625,0.0008385181427001953,0.018006324768066406,0.005888462066650391
2025-02-19 11:58:59.909364,2,Hand Mimic,one,pick,0.002119302749633789,0.027602672576904297,0.0010144710540771484,0.015919208526611328,0.005537509918212891
2025-02-19 11:58:59.970004,2,Hand Mimic,one,pick,0.0009033679962158203,0.0282747745513916,0.0007309913635253906,0.017685651779174805,0.005861997604370117
2025-02-19 11:59:00.027704,2,Hand Mimic,one,pick,0.0005216598510742188,0.026374340057373047,0.0008060932159423828,0.017743349075317383,0.003832101821899414
2025-02-19 11:59:00.090827,2,Hand Mimic,one,pick,0.0016291141510009766,0.026782512664794922,0.0007750988006591797,0.021179914474487305,0.006601810455322266
2025-02-19 11:59:00.149136,2,Hand Mimic,one,pick,0.0004849433898925781,0.027910709381103516,0.0007641315460205078,0.018725872039794922,0.0047304630279541016
2025-02-19 11:59:00.209972,2,Hand Mimic,one,pick,0.0005774497985839844,0.024944305419921875,0.001344442367553711,0.020451068878173828,0.005873441696166992
2025-02-19 11:59:00.271747,2,Hand Mimic,one,pick,0.002076864242553711,0.032206058502197266,0.0007536411285400391,0.015088081359863281,0.007648944854736328
2025-02-19 11:59:00.329761,2,Hand Mimic,one,pick,0.0013194084167480469,0.025759220123291016,0.0009272098541259766,0.014359712600708008,0.005824089050292969
2025-02-19 11:59:00.388901,2,Hand Mimic,one,pick,0.0006353855133056641,0.03307676315307617,0.0008699893951416016,0.014653921127319336,0.005077362060546875
2025-02-19 11:59:00.450644,2,Hand Mimic,one,pick,0.0009458065032958984,0.02785181999206543,0.0006058216094970703,0.020230770111083984,0.005942344665527344
2025-02-19 11:59:00.510168,2,Hand Mimic,one,pick,0.0003826618194580078,0.028592348098754883,0.0007717609405517578,0.014725446701049805,0.005780458450317383
2025-02-19 11:59:00.570620,2,Hand Mimic,one,pick,0.0004897117614746094,0.02856922149658203,0.0012493133544921875,0.015842199325561523,0.006721973419189453
2025-02-19 11:59:00.630069,2,Hand Mimic,one,pick,0.0008437633514404297,0.02845001220703125,0.0009770393371582031,0.015182256698608398,0.0057582855224609375
2025-02-19 11:59:00.688406,2,Hand Mimic,one,pick,0.0009987354278564453,0.026338815689086914,0.000881195068359375,0.020977020263671875,0.00402069091796875
2025-02-19 11:59:00.749028,2,Hand Mimic,one,pick,0.0022270679473876953,0.02939009666442871,0.0013921260833740234,0.01443791389465332,0.0046176910400390625
2025-02-19 11:59:00.810375,2,Hand Mimic,one,pick,0.003907680511474609,0.024411439895629883,0.0007145404815673828,0.01764702796936035,0.006387233734130859
2025-02-19 11:59:00.868453,2,Hand Mimic,one,pick,0.0007596015930175781,0.02724766731262207,0.0009703636169433594,0.018710613250732422,0.0047342777252197266
2025-02-19 11:59:00.928117,2,Hand Mimic,one,pick,0.0005216598510742188,0.027494192123413086,0.0007383823394775391,0.020086050033569336,0.004055023193359375
2025-02-19 11:59:00.989867,2,Hand Mimic,one,pick,0.0004665851593017578,0.02578115463256836,0.0008373260498046875,0.02165079116821289,0.0061626434326171875
2025-02-19 11:59:01.049865,2,Hand Mimic,one,pick,0.0028917789459228516,0.026125669479370117,0.0008563995361328125,0.017603158950805664,0.0058786869049072266
2025-02-19 11:59:01.108654,2,Hand Mimic,one,pick,0.0006654262542724609,0.029119491577148438,0.0008471012115478516,0.016901731491088867,0.004322052001953125
2025-02-19 11:59:01.168145,2,Hand Mimic,one,pick,0.0014271736145019531,0.025009870529174805,0.0007860660552978516,0.01820230484008789,0.0037457942962646484
2025-02-19 11:59:01.230423,2,Hand Mimic,one,pick,0.0028505325317382812,0.02415752410888672,0.0011129379272460938,0.01994180679321289,0.006187915802001953
2025-02-19 11:59:01.289029,2,Hand Mimic,one,pick,0.0005691051483154297,0.023849964141845703,0.0008451938629150391,0.019398212432861328,0.004826068878173828
2025-02-19 11:59:01.350150,2,Hand Mimic,one,pick,0.0007424354553222656,0.030293941497802734,0.0007517337799072266,0.016125202178955078,0.0056459903717041016
2025-02-19 11:59:01.409989,2,Hand Mimic,one,pick,0.0006880760192871094,0.02777385711669922,0.0006642341613769531,0.01848888397216797,0.005505561828613281
2025-02-19 11:59:01.469940,2,Hand Mimic,one,pick,0.00046634674072265625,0.027747631072998047,0.0008587837219238281,0.01905083656311035,0.005212545394897461
2025-02-19 11:59:01.528585,2,Hand Mimic,one,pick,0.0004177093505859375,0.027379989624023438,0.0011899471282958984,0.020552873611450195,0.004414558410644531
2025-02-19 11:59:01.590715,2,Hand Mimic,one,pick,0.00044465065002441406,0.03107762336730957,0.0008170604705810547,0.020747661590576172,0.0063288211822509766
2025-02-19 11:59:01.650503,2,Hand Mimic,one,pick,0.0006985664367675781,0.02389240264892578,0.0008792877197265625,0.018074989318847656,0.0065670013427734375
2025-02-19 11:59:01.707430,2,Hand Mimic,one,pick,0.002387523651123047,0.025384902954101562,0.0010116100311279297,0.016057491302490234,0.0030469894409179688
2025-02-19 11:59:01.770268,2,Hand Mimic,one,pick,0.0006709098815917969,0.03115248680114746,0.0009112358093261719,0.019363880157470703,0.006180524826049805
2025-02-19 11:59:01.830006,2,Hand Mimic,one,pick,0.002402067184448242,0.028087854385375977,0.0008325576782226562,0.014911890029907227,0.0060577392578125
2025-02-19 11:59:01.889196,2,Hand Mimic,one,pick,0.0004956722259521484,0.028715133666992188,0.0007796287536621094,0.018236160278320312,0.0050144195556640625
2025-02-19 11:59:01.948743,2,Hand Mimic,one,pick,0.0005185604095458984,0.03176546096801758,0.0007071495056152344,0.01663374900817871,0.00432276725769043
2025-02-19 11:59:02.010069,2,Hand Mimic,one,pick,0.0005619525909423828,0.028169631958007812,0.0007445812225341797,0.02048206329345703,0.006002902984619141
2025-02-19 11:59:02.070029,2,Hand Mimic,one,pick,0.002137422561645508,0.029151439666748047,0.0008115768432617188,0.01710343360900879,0.005754232406616211
2025-02-19 11:59:02.128522,2,Hand Mimic,one,pick,0.0025882720947265625,0.029695510864257812,0.0008027553558349609,0.01507115364074707,0.004275083541870117
2025-02-19 11:59:02.190130,2,Hand Mimic,one,pick,0.0005183219909667969,0.025013208389282227,0.0009860992431640625,0.02150440216064453,0.005998134613037109
2025-02-19 11:59:02.249227,2,Hand Mimic,one,pick,0.0022928714752197266,0.033608198165893555,0.0008890628814697266,0.01423025131225586,0.005079030990600586
2025-02-19 11:59:02.307411,2,Hand Mimic,one,pick,0.0009856224060058594,0.025965452194213867,0.0006225109100341797,0.019251346588134766,0.0029251575469970703
2025-02-19 11:59:02.369093,2,Hand Mimic,one,pick,0.0004754066467285156,0.029977798461914062,0.0005173683166503906,0.0211484432220459,0.0050144195556640625
2025-02-19 11:59:02.429819,2,Hand Mimic,one,pick,0.00080108642578125,0.02806544303894043,0.0008161067962646484,0.01572108268737793,0.005891561508178711
2025-02-19 11:59:02.489746,2,Hand Mimic,one,pick,0.002293109893798828,0.029009580612182617,0.0008792877197265625,0.01589202880859375,0.005857229232788086
2025-02-19 11:59:02.549521,2,Hand Mimic,one,pick,0.0012316703796386719,0.026357650756835938,0.0007236003875732422,0.017433881759643555,0.005254983901977539
2025-02-19 11:59:02.610473,2,Hand Mimic,one,pick,0.0004863739013671875,0.0262906551361084,0.0007815361022949219,0.019771099090576172,0.005258083343505859
2025-02-19 11:59:02.670266,2,Hand Mimic,one,pick,0.00047278404235839844,0.029282569885253906,0.0008034706115722656,0.019480228424072266,0.00650787353515625
2025-02-19 11:59:02.726824,2,Hand Mimic,one,pick,0.0005171298980712891,0.027789592742919922,0.0007097721099853516,0.019588232040405273,0.0031833648681640625
2025-02-19 11:59:02.790135,2,Hand Mimic,one,pick,0.0019452571868896484,0.031409502029418945,0.0005202293395996094,0.016936302185058594,0.005678892135620117
2025-02-19 11:59:02.849120,2,Hand Mimic,one,pick,0.000614166259765625,0.027887821197509766,0.0010967254638671875,0.019115447998046875,0.004859447479248047
2025-02-19 11:59:02.906449,2,Hand Mimic,one,pick,0.0018837451934814453,0.028621196746826172,0.0009639263153076172,0.015004158020019531,0.0027837753295898438
2025-02-19 11:59:02.967128,2,Hand Mimic,one,pick,0.0004513263702392578,0.02475881576538086,0.0007772445678710938,0.023598432540893555,0.0032083988189697266
2025-02-19 11:59:03.029070,2,Hand Mimic,one,pick,0.002939462661743164,0.025803804397583008,0.0007824897766113281,0.01967644691467285,0.0051119327545166016
2025-02-19 11:59:03.090337,2,Hand Mimic,one,pick,0.001561880111694336,0.031017303466796875,0.0005695819854736328,0.01854252815246582,0.00598597526550293
2025-02-19 11:59:03.148945,2,Hand Mimic,one,pick,0.000518798828125,0.029669761657714844,0.0007627010345458984,0.02001667022705078,0.004644155502319336
2025-02-19 11:59:03.209974,2,Hand Mimic,one,pick,0.002229452133178711,0.027489900588989258,0.0007920265197753906,0.020193815231323242,0.006209611892700195
2025-02-19 11:59:03.269104,2,Hand Mimic,one,pick,0.0009067058563232422,0.029451370239257812,0.0008668899536132812,0.016768693923950195,0.005353689193725586
2025-02-19 11:59:03.327922,2,Hand Mimic,one,pick,0.001026153564453125,0.03125715255737305,0.0007889270782470703,0.015006065368652344,0.003825664520263672
2025-02-19 11:59:03.390160,2,Hand Mimic,one,pick,0.00037026405334472656,0.025864362716674805,0.0007846355438232422,0.020895004272460938,0.006039857864379883
2025-02-19 11:59:03.450732,2,Hand Mimic,one,pick,0.0015361309051513672,0.026831626892089844,0.0008170604705810547,0.017961978912353516,0.006681680679321289
2025-02-19 11:59:03.509476,2,Hand Mimic,one,pick,0.000522613525390625,0.025659799575805664,0.0006988048553466797,0.020772933959960938,0.004192352294921875
2025-02-19 11:59:03.570886,2,Hand Mimic,one,pick,0.003357410430908203,0.028771638870239258,0.0007116794586181641,0.01822519302368164,0.005600452423095703
2025-02-19 11:59:03.629830,2,Hand Mimic,one,pick,0.00042891502380371094,0.03099370002746582,0.0008649826049804688,0.015134096145629883,0.005495548248291016
2025-02-19 11:59:03.689930,2,Hand Mimic,one,pick,0.0007233619689941406,0.024509906768798828,0.0006487369537353516,0.018114089965820312,0.00622248649597168
2025-02-19 11:59:03.749241,2,Hand Mimic,one,pick,0.0006291866302490234,0.031259775161743164,0.0006837844848632812,0.0156862735748291,0.00506591796875
2025-02-19 11:59:03.809716,2,Hand Mimic,one,pick,0.0019369125366210938,0.025497913360595703,0.0009446144104003906,0.020026206970214844,0.005763053894042969
2025-02-19 11:59:03.871733,2,Hand Mimic,one,pick,0.0006248950958251953,0.026613712310791016,0.0008080005645751953,0.018481969833374023,0.0076868534088134766
2025-02-19 11:59:03.927521,2,Hand Mimic,one,pick,0.0016651153564453125,0.026640892028808594,0.0009806156158447266,0.015883922576904297,0.0035436153411865234
2025-02-19 11:59:03.989478,2,Hand Mimic,one,pick,0.0017855167388916016,0.027019023895263672,0.0007126331329345703,0.019162416458129883,0.00524139404296875
2025-02-19 11:59:04.052214,2,Hand Mimic,one,pick,0.002912759780883789,0.03390836715698242,0.0008270740509033203,0.01171875,0.006683349609375
2025-02-19 11:59:04.108356,2,Hand Mimic,one,pick,0.0013823509216308594,0.02734994888305664,0.0005707740783691406,0.01658177375793457,0.0037364959716796875
2025-02-19 11:59:04.170076,2,Hand Mimic,one,pick,0.0006792545318603516,0.025824546813964844,0.000843048095703125,0.020180940628051758,0.0060155391693115234
2025-02-19 11:59:04.229246,2,Hand Mimic,one,pick,0.0018079280853271484,0.02716684341430664,0.0010221004486083984,0.018228530883789062,0.005003452301025391
2025-02-19 11:59:04.286096,2,Hand Mimic,one,pick,0.0007500648498535156,0.026809215545654297,0.0009086132049560547,0.01756453514099121,0.0023751258850097656
2025-02-19 11:59:04.349986,2,Hand Mimic,one,pick,0.0029244422912597656,0.02607560157775879,0.0007343292236328125,0.02064061164855957,0.005917072296142578
2025-02-19 11:59:04.408436,2,Hand Mimic,one,pick,0.0006966590881347656,0.024782657623291016,0.0008087158203125,0.018277406692504883,0.00434422492980957
2025-02-19 11:59:04.470569,2,Hand Mimic,one,pick,0.0005698204040527344,0.03140759468078613,0.0010137557983398438,0.013413429260253906,0.006200075149536133
2025-02-19 11:59:04.528044,2,Hand Mimic,one,pick,0.002175569534301758,0.03234410285949707,0.0006906986236572266,0.012279748916625977,0.003808259963989258
2025-02-19 11:59:04.590214,2,Hand Mimic,one,pick,0.00060272216796875,0.02703380584716797,0.0009086132049560547,0.01767563819885254,0.0061457157135009766
2025-02-19 11:59:04.650479,2,Hand Mimic,one,pick,0.0005223751068115234,0.028330326080322266,0.0009474754333496094,0.019528627395629883,0.006311655044555664
2025-02-19 11:59:04.709810,2,Hand Mimic,one,pick,0.0010962486267089844,0.02564406394958496,0.0007841587066650391,0.019984960556030273,0.0044782161712646484
2025-02-19 11:59:04.771846,2,Hand Mimic,one,pick,0.0006606578826904297,0.028858423233032227,0.0010263919830322266,0.015609264373779297,0.007173776626586914
2025-02-19 11:59:04.830125,2,Hand Mimic,one,pick,0.000827789306640625,0.028967857360839844,0.0007917881011962891,0.013857126235961914,0.006019115447998047
2025-02-19 11:59:04.888773,2,Hand Mimic,one,pick,0.002003192901611328,0.030673980712890625,0.0007569789886474609,0.014312982559204102,0.004874229431152344
2025-02-19 11:59:04.949229,2,Hand Mimic,one,pick,0.0005648136138916016,0.032584190368652344,0.00058746337890625,0.01653742790222168,0.004771232604980469
2025-02-19 11:59:05.009780,2,Hand Mimic,one,pick,0.001794576644897461,0.02524852752685547,0.0007941722869873047,0.017647266387939453,0.005304813385009766
2025-02-19 11:59:05.072137,2,Hand Mimic,one,pick,0.0005915164947509766,0.02862238883972168,0.0008778572082519531,0.020967721939086914,0.0069561004638671875
2025-02-19 11:59:05.127042,2,Hand Mimic,one,pick,0.0012102127075195312,0.03441739082336426,0.0008955001831054688,0.01140284538269043,0.0033762454986572266
2025-02-19 11:59:05.189200,2,Hand Mimic,one,pick,0.0005218982696533203,0.030324220657348633,0.0007920265197753906,0.020056962966918945,0.005461215972900391
2025-02-19 11:59:05.250195,2,Hand Mimic,one,pick,0.0005469322204589844,0.030580997467041016,0.0008423328399658203,0.015593290328979492,0.00586700439453125
2025-02-19 11:59:05.308501,2,Hand Mimic,one,pick,0.0005421638488769531,0.02863478660583496,0.0009663105010986328,0.01669597625732422,0.004278659820556641
2025-02-19 11:59:05.370189,2,Hand Mimic,one,pick,0.0006194114685058594,0.02940964698791504,0.0008006095886230469,0.01877760887145996,0.006031513214111328
2025-02-19 11:59:05.429871,2,Hand Mimic,one,pick,0.0004987716674804688,0.03214883804321289,0.0009036064147949219,0.01361703872680664,0.0054225921630859375
2025-02-19 11:59:05.488586,2,Hand Mimic,one,pick,0.0003924369812011719,0.034150123596191406,0.0008299350738525391,0.015264272689819336,0.004301786422729492
2025-02-19 11:59:05.551143,2,Hand Mimic,one,pick,0.002592802047729492,0.028776884078979492,0.0009074211120605469,0.02056884765625,0.0058591365814208984
2025-02-19 11:59:05.609476,2,Hand Mimic,one,pick,0.0004773139953613281,0.030829906463623047,0.0006024837493896484,0.015470504760742188,0.0059583187103271484
2025-02-19 11:59:05.669829,2,Hand Mimic,one,pick,0.002259969711303711,0.03298640251159668,0.0006186962127685547,0.013204097747802734,0.006150245666503906
2025-02-19 11:59:05.727533,2,Hand Mimic,one,pick,0.0007073879241943359,0.03157997131347656,0.0007469654083251953,0.014741182327270508,0.003328561782836914
2025-02-19 11:59:05.789959,2,Hand Mimic,one,pick,0.0006659030914306641,0.02706766128540039,0.0009741783142089844,0.02028656005859375,0.005562305450439453
2025-02-19 11:59:05.850789,2,Hand Mimic,one,pick,0.00086212158203125,0.033957719802856445,0.0006396770477294922,0.011863946914672852,0.0064580440521240234
2025-02-19 11:59:05.907575,2,Hand Mimic,one,pick,0.0006287097930908203,0.027359485626220703,0.0010361671447753906,0.015922069549560547,0.003416776657104492
2025-02-19 11:59:05.969377,2,Hand Mimic,one,pick,0.0005567073822021484,0.025707721710205078,0.0032918453216552734,0.020471811294555664,0.004888772964477539
2025-02-19 11:59:06.031005,2,Hand Mimic,one,pick,0.00046563148498535156,0.03173112869262695,0.0006835460662841797,0.011448144912719727,0.006963968276977539
2025-02-19 11:59:06.091715,2,Hand Mimic,one,pick,0.0007357597351074219,0.03402280807495117,0.0004737377166748047,0.013032197952270508,0.006777763366699219
2025-02-19 11:59:06.149670,2,Hand Mimic,one,pick,0.002657175064086914,0.028920888900756836,0.0010788440704345703,0.011364459991455078,0.0057523250579833984
2025-02-19 11:59:06.209592,2,Hand Mimic,one,pick,0.0006129741668701172,0.02891087532043457,0.0008242130279541016,0.015232324600219727,0.005060434341430664
2025-02-19 11:59:06.270274,2,Hand Mimic,one,pick,0.0005123615264892578,0.03188157081604004,0.0007946491241455078,0.01542520523071289,0.006357669830322266
2025-02-19 11:59:06.327033,2,Hand Mimic,one,pick,0.0005350112915039062,0.030655384063720703,0.0005795955657958984,0.017569303512573242,0.003003835678100586
2025-02-19 11:59:06.389458,2,Hand Mimic,one,pick,0.0015859603881835938,0.026394128799438477,0.0008573532104492188,0.019946575164794922,0.00576472282409668
2025-02-19 11:59:06.448013,2,Hand Mimic,one,pick,0.0004932880401611328,0.026350736618041992,0.0009613037109375,0.019481897354125977,0.002554655075073242
2025-02-19 11:59:06.548433,2,Hand Mimic,one,pick,0.0005292892456054688,0.026696443557739258,0.0008881092071533203,0.03847527503967285,0.024085044860839844
2025-02-19 11:59:06.630087,2,Hand Mimic,one,pick,0.0019500255584716797,0.05205106735229492,0.0010852813720703125,0.01077723503112793,0.0065419673919677734
2025-02-19 11:59:06.688948,2,Hand Mimic,one,pick,0.0006570816040039062,0.03577065467834473,0.0008459091186523438,0.010539531707763672,0.0052416324615478516
2025-02-19 11:59:06.750540,2,Hand Mimic,one,pick,0.0004830360412597656,0.029297351837158203,0.0007205009460449219,0.016805171966552734,0.006425619125366211
2025-02-19 11:59:06.810554,2,Hand Mimic,one,pick,0.0005819797515869141,0.02718973159790039,0.0009007453918457031,0.019667387008666992,0.0065937042236328125
2025-02-19 11:59:06.870353,2,Hand Mimic,one,pick,0.0007231235504150391,0.03263449668884277,0.0007643699645996094,0.013362407684326172,0.005888938903808594
2025-02-19 11:59:06.928402,2,Hand Mimic,one,pick,0.00042438507080078125,0.03180122375488281,0.0006816387176513672,0.017329692840576172,0.004224538803100586
2025-02-19 11:59:06.991586,2,Hand Mimic,one,pick,0.0007219314575195312,0.02608346939086914,0.0007264614105224609,0.020818233489990234,0.0075032711029052734
2025-02-19 11:59:07.049427,2,Hand Mimic,one,pick,0.0005831718444824219,0.030561447143554688,0.0006463527679443359,0.012245655059814453,0.006074428558349609
2025-02-19 11:59:07.107673,2,Hand Mimic,one,pick,0.0010862350463867188,0.027545690536499023,0.0011827945709228516,0.01526784896850586,0.004251956939697266
2025-02-19 11:59:07.172868,2,Hand Mimic,one,pick,0.0005538463592529297,0.0344846248626709,0.0009388923645019531,0.017006397247314453,0.006485700607299805
2025-02-19 11:59:07.228224,2,Hand Mimic,one,pick,0.0005381107330322266,0.025470972061157227,0.0007567405700683594,0.010940313339233398,0.0048999786376953125
2025-02-19 11:59:07.288516,2,Hand Mimic,one,pick,0.0005040168762207031,0.030833721160888672,0.0007534027099609375,0.020251035690307617,0.004214286804199219
2025-02-19 11:59:07.352008,2,Hand Mimic,one,pick,0.0005242824554443359,0.030329227447509766,0.0006976127624511719,0.016768217086791992,0.007689714431762695
2025-02-19 11:59:07.411772,2,Hand Mimic,one,pick,0.0007326602935791016,0.0257871150970459,0.001008749008178711,0.018181324005126953,0.005797386169433594
2025-02-19 11:59:07.471850,2,Hand Mimic,one,pick,0.0005078315734863281,0.02575230598449707,0.0007796287536621094,0.019869089126586914,0.0077326297760009766
2025-02-19 11:59:07.528598,2,Hand Mimic,one,pick,0.0009455680847167969,0.02394843101501465,0.0007669925689697266,0.01692795753479004,0.005139589309692383
2025-02-19 11:59:07.590112,2,Hand Mimic,one,pick,0.0012922286987304688,0.024373292922973633,0.0008473396301269531,0.018520593643188477,0.006955385208129883
2025-02-19 11:59:07.650251,2,Hand Mimic,one,pick,0.0005123615264892578,0.03522515296936035,0.0007817745208740234,0.012099981307983398,0.004506587982177734
2025-02-19 11:59:07.753467,2,Hand Mimic,one,pick,0.0009343624114990234,0.037541866302490234,0.0009427070617675781,0.047621726989746094,0.008680343627929688
2025-02-19 11:59:07.832043,2,Hand Mimic,one,pick,0.0007307529449462891,0.03571057319641113,0.0011548995971679688,0.028962135314941406,0.006756782531738281
2025-02-19 11:59:07.910322,2,Hand Mimic,one,pick,0.002621173858642578,0.032140254974365234,0.0009748935699462891,0.029158592224121094,0.004468441009521484
2025-02-19 11:59:07.990883,2,Hand Mimic,one,pick,0.00045990943908691406,0.03656148910522461,0.0008308887481689453,0.031034469604492188,0.005266427993774414
2025-02-19 11:59:08.052582,2,Hand Mimic,one,pick,0.0009753704071044922,0.03244209289550781,0.0008289813995361328,0.013879060745239258,0.006853580474853516
2025-02-19 11:59:08.127803,2,Hand Mimic,one,pick,0.004248619079589844,0.03132963180541992,0.0010936260223388672,0.026519060134887695,0.00323486328125
2025-02-19 11:59:08.214119,2,Hand Mimic,one,pick,0.0006654262542724609,0.03652548789978027,0.0010030269622802734,0.03043818473815918,0.007737636566162109
2025-02-19 11:59:08.291870,2,Hand Mimic,one,pick,0.003300189971923828,0.033177852630615234,0.0006339550018310547,0.0225522518157959,0.007284879684448242
2025-02-19 11:59:08.372879,2,Hand Mimic,one,pick,0.0023131370544433594,0.03370237350463867,0.001226663589477539,0.016209125518798828,0.006201028823852539
2025-02-19 11:59:08.429596,2,Hand Mimic,one,pick,0.0010061264038085938,0.028394222259521484,0.0008039474487304688,0.016048192977905273,0.005097389221191406
2025-02-19 11:59:08.493503,2,Hand Mimic,one,pick,0.0008640289306640625,0.025698423385620117,0.0009360313415527344,0.020660400390625,0.008791446685791016
2025-02-19 11:59:08.550278,2,Hand Mimic,one,pick,0.0004382133483886719,0.0304868221282959,0.0015366077423095703,0.010223388671875,0.006350278854370117
2025-02-19 11:59:08.610554,2,Hand Mimic,one,pick,0.002077817916870117,0.030986547470092773,0.0007865428924560547,0.011919021606445312,0.006836652755737305
2025-02-19 11:59:08.668558,2,Hand Mimic,one,pick,0.00176239013671875,0.030831098556518555,0.0007557868957519531,0.014925718307495117,0.00500941276550293
2025-02-19 11:59:08.728564,2,Hand Mimic,one,pick,0.002099275588989258,0.02654290199279785,0.00057220458984375,0.01793813705444336,0.00429081916809082
2025-02-19 11:59:08.790357,2,Hand Mimic,one,pick,0.00047898292541503906,0.03132033348083496,0.000492095947265625,0.01529073715209961,0.00585627555847168
2025-02-19 11:59:08.849624,2,Hand Mimic,one,pick,0.0008745193481445312,0.028563976287841797,0.0008034706115722656,0.017609119415283203,0.005063772201538086
2025-02-19 11:59:08.908467,2,Hand Mimic,one,pick,0.000640869140625,0.030828475952148438,0.0008161067962646484,0.01579880714416504,0.0041158199310302734
2025-02-19 11:59:08.971973,2,Hand Mimic,one,pick,0.0006961822509765625,0.02580118179321289,0.0008342266082763672,0.021105051040649414,0.007810354232788086
2025-02-19 11:59:09.030499,2,Hand Mimic,one,pick,0.0006690025329589844,0.027786970138549805,0.0009675025939941406,0.01569199562072754,0.0066454410552978516
2025-02-19 11:59:09.089586,2,Hand Mimic,one,pick,0.0009622573852539062,0.031044721603393555,0.0012400150299072266,0.014067888259887695,0.005689382553100586
2025-02-19 11:59:09.149855,2,Hand Mimic,one,pick,0.0010099411010742188,0.027561426162719727,0.00083160400390625,0.01585674285888672,0.0061609745025634766
2025-02-19 11:59:09.208316,2,Hand Mimic,one,pick,0.00057220458984375,0.028798580169677734,0.0007948875427246094,0.01631474494934082,0.004106998443603516
2025-02-19 11:59:09.271300,2,Hand Mimic,one,pick,0.002202749252319336,0.02915334701538086,0.0007543563842773438,0.019076108932495117,0.006662130355834961
2025-02-19 11:59:09.328804,2,Hand Mimic,one,pick,0.0008070468902587891,0.03137016296386719,0.0007727146148681641,0.013944387435913086,0.0027878284454345703
2025-02-19 11:59:09.391476,2,Hand Mimic,one,pick,0.0005903244018554688,0.0280606746673584,0.0013802051544189453,0.018780231475830078,0.006793975830078125
2025-02-19 11:59:09.449566,2,Hand Mimic,one,pick,0.0005347728729248047,0.03120136260986328,0.0013494491577148438,0.013050079345703125,0.0057659149169921875
2025-02-19 11:59:09.508099,2,Hand Mimic,one,pick,0.0017015933990478516,0.030363798141479492,0.0007488727569580078,0.0158388614654541,0.004102945327758789
2025-02-19 11:59:09.570120,2,Hand Mimic,one,pick,0.002042531967163086,0.02857494354248047,0.0008904933929443359,0.019406795501708984,0.006128787994384766
2025-02-19 11:59:09.629693,2,Hand Mimic,one,pick,0.0006268024444580078,0.02685260772705078,0.0008463859558105469,0.01695847511291504,0.00597691535949707
2025-02-19 11:59:09.689649,2,Hand Mimic,one,pick,0.00046825408935546875,0.029357194900512695,0.0006873607635498047,0.018984556198120117,0.0055119991302490234
2025-02-19 11:59:09.749986,2,Hand Mimic,one,pick,0.0031881332397460938,0.028764724731445312,0.0006842613220214844,0.01728653907775879,0.005847930908203125
2025-02-19 11:59:09.812939,2,Hand Mimic,one,pick,0.0003523826599121094,0.025933027267456055,0.0009467601776123047,0.01954364776611328,0.0069653987884521484
2025-02-19 11:59:09.888284,2,Hand Mimic,one,pick,0.0006592273712158203,0.032492637634277344,0.0007321834564208984,0.02880239486694336,0.004244327545166016
2025-02-19 11:59:09.950224,2,Hand Mimic,one,pick,0.0016512870788574219,0.027236223220825195,0.0006108283996582031,0.01956939697265625,0.005776166915893555
2025-02-19 11:59:10.010547,2,Hand Mimic,one,pick,0.0004813671112060547,0.028369665145874023,0.0009696483612060547,0.011142253875732422,0.006628751754760742
2025-02-19 11:59:10.069346,2,Hand Mimic,one,pick,0.0007150173187255859,0.03239154815673828,0.0008552074432373047,0.01256251335144043,0.004805564880371094
2025-02-19 11:59:10.129699,2,Hand Mimic,one,pick,0.0005662441253662109,0.032456398010253906,0.0007517337799072266,0.016114473342895508,0.005550861358642578
2025-02-19 11:59:10.191226,2,Hand Mimic,one,pick,0.0005466938018798828,0.030409574508666992,0.0008590221405029297,0.01667308807373047,0.006975650787353516
2025-02-19 11:59:10.250031,2,Hand Mimic,one,pick,0.001722097396850586,0.033479928970336914,0.0007336139678955078,0.011133193969726562,0.006384611129760742
2025-02-19 11:59:10.310464,2,Hand Mimic,one,pick,0.00048422813415527344,0.029318571090698242,0.0008170604705810547,0.0176694393157959,0.00586700439453125
2025-02-19 11:59:10.370229,2,Hand Mimic,one,pick,0.0004942417144775391,0.028106212615966797,0.0008161067962646484,0.016960620880126953,0.006215810775756836
2025-02-19 11:59:10.430963,2,Hand Mimic,one,pick,0.0005850791931152344,0.029180049896240234,0.0008988380432128906,0.016043424606323242,0.006757020950317383
2025-02-19 11:59:10.489566,2,Hand Mimic,one,pick,0.0004985332489013672,0.02683877944946289,0.0007350444793701172,0.01682901382446289,0.006069660186767578
2025-02-19 11:59:10.550899,2,Hand Mimic,one,pick,0.00072479248046875,0.028157711029052734,0.0006718635559082031,0.018209218978881836,0.006482362747192383
2025-02-19 11:59:10.611055,2,Hand Mimic,one,pick,0.0005204677581787109,0.028116464614868164,0.0008306503295898438,0.014893770217895508,0.006163120269775391
2025-02-19 11:59:10.670407,2,Hand Mimic,one,pick,0.00176239013671875,0.031914472579956055,0.0006248950958251953,0.016073942184448242,0.005151510238647461
2025-02-19 11:59:10.727659,2,Hand Mimic,one,pick,0.000576019287109375,0.03022289276123047,0.000965118408203125,0.014791727066040039,0.003864288330078125
2025-02-19 11:59:10.786083,2,Hand Mimic,one,pick,0.0007510185241699219,0.029134511947631836,0.0006341934204101562,0.017879486083984375,0.0024094581604003906
2025-02-19 11:59:10.849250,2,Hand Mimic,one,pick,0.004624128341674805,0.027756929397583008,0.0007069110870361328,0.018182992935180664,0.005118608474731445
2025-02-19 11:59:10.908911,2,Hand Mimic,one,pick,0.0004432201385498047,0.026862144470214844,0.0010457038879394531,0.01943659782409668,0.0038466453552246094
2025-02-19 11:59:10.969122,2,Hand Mimic,one,pick,0.002489805221557617,0.03133702278137207,0.0009818077087402344,0.010768651962280273,0.005709171295166016
2025-02-19 11:59:11.031098,2,Hand Mimic,one,pick,0.0006897449493408203,0.0265042781829834,0.0008149147033691406,0.0192110538482666,0.006979942321777344
2025-02-19 11:59:11.089292,2,Hand Mimic,one,pick,0.0009129047393798828,0.02824234962463379,0.0009989738464355469,0.014880180358886719,0.005006551742553711
2025-02-19 11:59:11.151346,2,Hand Mimic,one,pick,0.0006325244903564453,0.025545597076416016,0.0010743141174316406,0.019823789596557617,0.006894826889038086
2025-02-19 11:59:11.212030,2,Hand Mimic,one,pick,0.0004444122314453125,0.02876567840576172,0.0007665157318115234,0.015709877014160156,0.00815129280090332
2025-02-19 11:59:11.270883,2,Hand Mimic,one,pick,0.002772808074951172,0.025824546813964844,0.0006709098815917969,0.0175783634185791,0.005990028381347656
2025-02-19 11:59:11.329767,2,Hand Mimic,one,pick,0.002013683319091797,0.02606940269470215,0.0009019374847412109,0.013288259506225586,0.006010770797729492
2025-02-19 11:59:11.388768,2,Hand Mimic,one,pick,0.0006639957427978516,0.029760360717773438,0.0008139610290527344,0.009354829788208008,0.0052602291107177734
2025-02-19 11:59:11.451720,2,Hand Mimic,one,pick,0.0005705356597900391,0.03304553031921387,0.0007388591766357422,0.0165560245513916,0.006585597991943359
2025-02-19 11:59:11.510275,2,Hand Mimic,one,pick,0.0007901191711425781,0.027347087860107422,0.0016455650329589844,0.017665624618530273,0.0047037601470947266
2025-02-19 11:59:11.572262,2,Hand Mimic,one,pick,0.0006232261657714844,0.028005599975585938,0.0009348392486572266,0.020755529403686523,0.006626605987548828
2025-02-19 11:59:11.630840,2,Hand Mimic,one,pick,0.0004744529724121094,0.03611445426940918,0.0011777877807617188,0.009220123291015625,0.0064601898193359375
2025-02-19 11:59:11.689753,2,Hand Mimic,one,pick,0.0009367465972900391,0.03033924102783203,0.0009047985076904297,0.01217794418334961,0.006027698516845703
2025-02-19 11:59:11.751436,2,Hand Mimic,one,pick,0.0011210441589355469,0.02522563934326172,0.0008494853973388672,0.01574254035949707,0.007498741149902344
2025-02-19 11:59:11.810539,2,Hand Mimic,one,pick,0.0006732940673828125,0.02708125114440918,0.0008008480072021484,0.01571822166442871,0.00670933723449707
2025-02-19 11:59:11.869175,2,Hand Mimic,one,pick,0.0006542205810546875,0.028485774993896484,0.0006728172302246094,0.017902851104736328,0.00469970703125
2025-02-19 11:59:11.928831,2,Hand Mimic,one,pick,0.0023915767669677734,0.03157615661621094,0.0007374286651611328,0.013693094253540039,0.004843950271606445
2025-02-19 11:59:11.990077,2,Hand Mimic,one,pick,0.0008435249328613281,0.02549004554748535,0.0008022785186767578,0.021820068359375,0.005546092987060547
2025-02-19 11:59:12.051276,2,Hand Mimic,one,pick,0.00044226646423339844,0.025462865829467773,0.0009722709655761719,0.019257307052612305,0.006700754165649414
2025-02-19 11:59:12.109772,2,Hand Mimic,one,pick,0.0014903545379638672,0.027647733688354492,0.0005452632904052734,0.01865220069885254,0.004015207290649414
2025-02-19 11:59:12.170121,2,Hand Mimic,one,pick,0.0010628700256347656,0.02510690689086914,0.001154184341430664,0.016247034072875977,0.0062618255615234375
2025-02-19 11:59:12.229626,2,Hand Mimic,one,pick,0.0008370876312255859,0.031017541885375977,0.0013439655303955078,0.017078876495361328,0.006137371063232422
2025-02-19 11:59:12.290286,2,Hand Mimic,one,pick,0.0005238056182861328,0.027714252471923828,0.0007033348083496094,0.016312837600708008,0.006128787994384766
2025-02-19 11:59:12.349584,2,Hand Mimic,one,pick,0.0007719993591308594,0.031783342361450195,0.0007424354553222656,0.013027429580688477,0.0059888362884521484
2025-02-19 11:59:12.411108,2,Hand Mimic,one,pick,0.0005922317504882812,0.028805971145629883,0.0009770393371582031,0.02014327049255371,0.006918430328369141
2025-02-19 11:59:12.471555,2,Hand Mimic,one,pick,0.0005943775177001953,0.028119325637817383,0.0007691383361816406,0.01564192771911621,0.006779909133911133
2025-02-19 11:59:12.529343,2,Hand Mimic,one,pick,0.0006425380706787109,0.02946615219116211,0.0007245540618896484,0.018058061599731445,0.0035266876220703125
2025-02-19 11:59:12.591351,2,Hand Mimic,one,pick,0.0016167163848876953,0.030241966247558594,0.000701904296875,0.015740394592285156,0.007010221481323242
2025-02-19 11:59:12.649542,2,Hand Mimic,one,pick,0.0005228519439697266,0.027731895446777344,0.0008654594421386719,0.018230915069580078,0.005594730377197266
2025-02-19 11:59:12.710231,2,Hand Mimic,one,pick,0.0009679794311523438,0.02952408790588379,0.0008840560913085938,0.012189865112304688,0.00623321533203125
2025-02-19 11:59:12.770164,2,Hand Mimic,one,pick,0.002105712890625,0.02737903594970703,0.0007154941558837891,0.015254974365234375,0.0060956478118896484
2025-02-19 11:59:12.830063,2,Hand Mimic,one,pick,0.0004391670227050781,0.0336461067199707,0.0017430782318115234,0.017411231994628906,0.005995273590087891
2025-02-19 11:59:12.889537,2,Hand Mimic,one,pick,0.0008153915405273438,0.03050994873046875,0.0007185935974121094,0.015494585037231445,0.004099607467651367
2025-02-19 11:59:12.951171,2,Hand Mimic,one,pick,0.0005359649658203125,0.02796483039855957,0.0007984638214111328,0.016841411590576172,0.006220817565917969
2025-02-19 11:59:13.010890,2,Hand Mimic,one,pick,0.0004985332489013672,0.03410530090332031,0.0005753040313720703,0.015246391296386719,0.005858182907104492
2025-02-19 11:59:13.071790,2,Hand Mimic,one,pick,0.0026154518127441406,0.024541616439819336,0.0009276866912841797,0.018633365631103516,0.007287025451660156
2025-02-19 11:59:13.126673,2,Hand Mimic,one,pick,0.0006234645843505859,0.03306889533996582,0.0012774467468261719,0.009067535400390625,0.003087282180786133
2025-02-19 11:59:13.188454,2,Hand Mimic,one,pick,0.0005941390991210938,0.029801607131958008,0.0005941390991210938,0.01674795150756836,0.0047914981842041016
2025-02-19 11:59:13.251879,2,Hand Mimic,one,pick,0.00145721435546875,0.029729843139648438,0.000640869140625,0.015923500061035156,0.007856607437133789
2025-02-19 11:59:13.307679,2,Hand Mimic,one,pick,0.0004355907440185547,0.029460430145263672,0.0006363391876220703,0.015562295913696289,0.0039594173431396484
2025-02-19 11:59:13.369800,2,Hand Mimic,one,pick,0.0006821155548095703,0.033721923828125,0.0005910396575927734,0.017540931701660156,0.005677223205566406
2025-02-19 11:59:13.431073,2,Hand Mimic,one,pick,0.0019626617431640625,0.030091524124145508,0.0006227493286132812,0.01682305335998535,0.006149768829345703
2025-02-19 11:59:13.491599,2,Hand Mimic,one,pick,0.0004429817199707031,0.0269162654876709,0.0008442401885986328,0.0198671817779541,0.006830692291259766
2025-02-19 11:59:13.553070,2,Hand Mimic,one,pick,0.002456188201904297,0.03256702423095703,0.0006263256072998047,0.011893272399902344,0.008046627044677734
2025-02-19 11:59:13.610213,2,Hand Mimic,one,pick,0.002116680145263672,0.032361507415771484,0.0008399486541748047,0.008457183837890625,0.006611347198486328
2025-02-19 11:59:13.669909,2,Hand Mimic,one,pick,0.0007669925689697266,0.027353763580322266,0.0010907649993896484,0.01664113998413086,0.0061266422271728516
2025-02-19 11:59:13.726933,2,Hand Mimic,one,pick,0.0019826889038085938,0.033930063247680664,0.0016200542449951172,0.012718439102172852,0.0031976699829101562
2025-02-19 11:59:13.789980,2,Hand Mimic,one,pick,0.0008492469787597656,0.03086543083190918,0.0006263256072998047,0.020289897918701172,0.00579071044921875
2025-02-19 11:59:13.850080,2,Hand Mimic,one,pick,0.000522613525390625,0.03424572944641113,0.0006620883941650391,0.013019561767578125,0.005820035934448242
2025-02-19 11:59:13.908500,2,Hand Mimic,one,pick,0.0006887912750244141,0.029201269149780273,0.0009653568267822266,0.020906686782836914,0.002350330352783203
2025-02-19 11:59:13.972413,2,Hand Mimic,one,pick,0.0004611015319824219,0.026863574981689453,0.004830837249755859,0.020878314971923828,0.00536036491394043
2025-02-19 11:59:14.030643,2,Hand Mimic,one,pick,0.0006330013275146484,0.03362250328063965,0.0007441043853759766,0.01156926155090332,0.0064165592193603516
2025-02-19 11:59:14.090160,2,Hand Mimic,one,pick,0.002155780792236328,0.02515101432800293,0.0008802413940429688,0.015488386154174805,0.006392955780029297
2025-02-19 11:59:14.150196,2,Hand Mimic,one,pick,0.002258777618408203,0.028424739837646484,0.0008091926574707031,0.017817258834838867,0.0059967041015625
2025-02-19 11:59:14.209859,2,Hand Mimic,one,pick,0.0026149749755859375,0.03156590461730957,0.0008161067962646484,0.012800455093383789,0.005758762359619141
2025-02-19 11:59:14.269606,2,Hand Mimic,one,pick,0.0005059242248535156,0.03160262107849121,0.0007073879241943359,0.013867855072021484,0.004789829254150391
2025-02-19 11:59:14.327942,2,Hand Mimic,one,pick,0.002277374267578125,0.029572248458862305,0.0007302761077880859,0.015622615814208984,0.0036983489990234375
2025-02-19 11:59:14.390422,2,Hand Mimic,one,pick,0.0006692409515380859,0.03506827354431152,0.0005743503570556641,0.012554168701171875,0.006268978118896484
2025-02-19 11:59:14.451540,2,Hand Mimic,one,pick,0.0005867481231689453,0.028978586196899414,0.0006887912750244141,0.01803135871887207,0.006725311279296875
2025-02-19 11:59:14.508751,2,Hand Mimic,one,pick,0.0007805824279785156,0.027008056640625,0.001008749008178711,0.01635599136352539,0.004884243011474609
2025-02-19 11:59:14.566939,2,Hand Mimic,one,pick,0.0008990764617919922,0.029909849166870117,0.0011107921600341797,0.015118122100830078,0.0028731822967529297
2025-02-19 11:59:14.630260,2,Hand Mimic,one,pick,0.0038030147552490234,0.025400876998901367,0.0009367465972900391,0.018178701400756836,0.006478309631347656
2025-02-19 11:59:14.689336,2,Hand Mimic,one,pick,0.0028073787689208984,0.032598257064819336,0.0007386207580566406,0.010975122451782227,0.005555152893066406
2025-02-19 11:59:14.749744,2,Hand Mimic,one,pick,0.0018017292022705078,0.02809929847717285,0.0007417201995849609,0.013316631317138672,0.0059392452239990234
2025-02-19 11:59:14.806391,2,Hand Mimic,one,pick,0.0005228519439697266,0.028824806213378906,0.0007009506225585938,0.014487743377685547,0.0025098323822021484
2025-02-19 11:59:14.870211,2,Hand Mimic,one,pick,0.002871990203857422,0.027995586395263672,0.0007357597351074219,0.019426584243774414,0.005576372146606445
2025-02-19 11:59:14.928631,2,Hand Mimic,one,pick,0.0005259513854980469,0.029314041137695312,0.0008780956268310547,0.01771402359008789,0.004154205322265625
2025-02-19 11:59:14.990608,2,Hand Mimic,one,pick,0.0006709098815917969,0.03398847579956055,0.0007076263427734375,0.012975215911865234,0.0061037540435791016
2025-02-19 11:59:15.052228,2,Hand Mimic,one,pick,0.0005617141723632812,0.025688886642456055,0.0007965564727783203,0.017309904098510742,0.007590532302856445
2025-02-19 11:59:15.107978,2,Hand Mimic,one,pick,0.0006144046783447266,0.027225017547607422,0.0007283687591552734,0.016336917877197266,0.004422903060913086
2025-02-19 11:59:15.168887,2,Hand Mimic,one,pick,0.0004916191101074219,0.02955794334411621,0.0007410049438476562,0.01517176628112793,0.00519251823425293
2025-02-19 11:59:15.230130,2,Hand Mimic,one,pick,0.001964569091796875,0.030292987823486328,0.0007817745208740234,0.01614832878112793,0.0062067508697509766
2025-02-19 11:59:15.288499,2,Hand Mimic,one,pick,0.0019617080688476562,0.029273509979248047,0.0007061958312988281,0.010721206665039062,0.004858732223510742
2025-02-19 11:59:15.350598,2,Hand Mimic,one,pick,0.002057790756225586,0.03135180473327637,0.0006117820739746094,0.016898155212402344,0.005980968475341797
2025-02-19 11:59:15.410631,2,Hand Mimic,one,pick,0.00036406517028808594,0.02697443962097168,0.000820159912109375,0.019319772720336914,0.005875349044799805
2025-02-19 11:59:15.471519,2,Hand Mimic,one,pick,0.0007100105285644531,0.025830984115600586,0.0013275146484375,0.018306255340576172,0.006368160247802734
2025-02-19 11:59:15.528311,2,Hand Mimic,one,pick,0.00047469139099121094,0.02503204345703125,0.0007135868072509766,0.0192108154296875,0.004353046417236328
2025-02-19 11:59:15.588567,2,Hand Mimic,one,pick,0.0014071464538574219,0.027676820755004883,0.0006613731384277344,0.019043684005737305,0.004631757736206055
2025-02-19 11:59:15.648921,2,Hand Mimic,one,pick,0.0009455680847167969,0.03162574768066406,0.0007662773132324219,0.013623952865600586,0.0052831172943115234
2025-02-19 11:59:15.707048,2,Hand Mimic,one,pick,0.0007495880126953125,0.031569719314575195,0.0006272792816162109,0.015645503997802734,0.002908945083618164
2025-02-19 11:59:15.766979,2,Hand Mimic,one,pick,0.0012769699096679688,0.025719165802001953,0.0005578994750976562,0.020555973052978516,0.0028197765350341797
2025-02-19 11:59:15.829953,2,Hand Mimic,one,pick,0.003124713897705078,0.029886960983276367,0.0007045269012451172,0.01878833770751953,0.005833625793457031
2025-02-19 11:59:15.890053,2,Hand Mimic,one,pick,0.001043081283569336,0.026592493057250977,0.0009176731109619141,0.017345428466796875,0.005787372589111328
2025-02-19 11:59:15.950023,2,Hand Mimic,one,pick,0.0005202293395996094,0.02600407600402832,0.001703500747680664,0.015346765518188477,0.006243467330932617
2025-02-19 11:59:16.010724,2,Hand Mimic,one,pick,0.0007839202880859375,0.025161027908325195,0.0006320476531982422,0.020429134368896484,0.006503105163574219
2025-02-19 11:59:16.068959,2,Hand Mimic,one,pick,0.0006611347198486328,0.03498196601867676,0.0013854503631591797,0.012208938598632812,0.0047643184661865234
2025-02-19 11:59:16.128163,2,Hand Mimic,one,pick,0.0007421970367431641,0.02850651741027832,0.0010232925415039062,0.017722606658935547,0.00410914421081543
2025-02-19 11:59:16.186633,2,Hand Mimic,one,pick,0.0008370876312255859,0.02828812599182129,0.0008804798126220703,0.020888566970825195,0.0027205944061279297
2025-02-19 11:59:16.249886,2,Hand Mimic,one,pick,0.0032918453216552734,0.028417348861694336,0.0007593631744384766,0.020472288131713867,0.0059604644775390625
2025-02-19 11:59:16.308882,2,Hand Mimic,one,pick,0.0005886554718017578,0.028734445571899414,0.0013413429260253906,0.018477439880371094,0.00426030158996582
2025-02-19 11:59:16.369606,2,Hand Mimic,one,pick,0.0022537708282470703,0.027775049209594727,0.0006580352783203125,0.021279096603393555,0.003935813903808594
2025-02-19 11:59:16.430407,2,Hand Mimic,one,pick,0.0017054080963134766,0.029147624969482422,0.0009455680847167969,0.014838695526123047,0.006124973297119141
2025-02-19 11:59:16.489431,2,Hand Mimic,one,pick,0.0005619525909423828,0.029386281967163086,0.0007393360137939453,0.019062042236328125,0.005895853042602539
2025-02-19 11:59:16.550056,2,Hand Mimic,one,pick,0.0006575584411621094,0.03061056137084961,0.0008218288421630859,0.01627826690673828,0.0058553218841552734
2025-02-19 11:59:16.606054,2,Hand Mimic,one,pick,0.0005624294281005859,0.03114485740661621,0.0007531642913818359,0.015824556350708008,0.002380847930908203
2025-02-19 11:59:16.669215,2,Hand Mimic,one,pick,0.001977682113647461,0.027802228927612305,0.0010175704956054688,0.022045612335205078,0.00526881217956543
2025-02-19 11:59:16.728647,2,Hand Mimic,one,pick,0.0005393028259277344,0.029365062713623047,0.0007781982421875,0.0218503475189209,0.0035665035247802734
2025-02-19 11:59:16.789735,2,Hand Mimic,one,pick,0.0006420612335205078,0.033473968505859375,0.0006887912750244141,0.017382144927978516,0.0057065486907958984
2025-02-19 11:59:16.850681,2,Hand Mimic,one,pick,0.0021276473999023438,0.026660442352294922,0.0007240772247314453,0.01627945899963379,0.00600433349609375
2025-02-19 11:59:16.908448,2,Hand Mimic,one,pick,0.0005998611450195312,0.026949167251586914,0.0013701915740966797,0.017380952835083008,0.003996849060058594
2025-02-19 11:59:16.968921,2,Hand Mimic,one,pick,0.0006921291351318359,0.03221273422241211,0.0008118152618408203,0.017460346221923828,0.005096435546875
2025-02-19 11:59:17.029577,2,Hand Mimic,one,pick,0.0008585453033447266,0.03261995315551758,0.0010426044464111328,0.012810945510864258,0.005831718444824219
2025-02-19 11:59:17.088062,2,Hand Mimic,one,pick,0.0005719661712646484,0.031830787658691406,0.0009930133819580078,0.010242700576782227,0.004034996032714844
2025-02-19 11:59:17.171686,2,Hand Mimic,one,pick,0.002285480499267578,0.03247547149658203,0.001455545425415039,0.0294647216796875,0.004969120025634766
2025-02-19 11:59:17.232382,2,Hand Mimic,one,pick,0.00046634674072265625,0.029805421829223633,0.0007836818695068359,0.011942148208618164,0.00742030143737793
2025-02-19 11:59:17.293595,2,Hand Mimic,one,pick,0.0007843971252441406,0.034925222396850586,0.0006299018859863281,0.011409759521484375,0.008947134017944336
2025-02-19 11:59:17.371794,2,Hand Mimic,one,pick,0.0020546913146972656,0.040262460708618164,0.0007538795471191406,0.020766258239746094,0.006442546844482422
2025-02-19 11:59:17.432831,2,Hand Mimic,one,pick,0.000621795654296875,0.030254364013671875,0.0008425712585449219,0.012285709381103516,0.0073316097259521484
2025-02-19 11:59:17.508133,2,Hand Mimic,one,pick,0.0006706714630126953,0.03257274627685547,0.0007910728454589844,0.029930591583251953,0.0031578540802001953
2025-02-19 11:59:17.591245,2,Hand Mimic,one,pick,0.0007574558258056641,0.039174795150756836,0.0015904903411865234,0.029686450958251953,0.006283998489379883
2025-02-19 11:59:17.649953,2,Hand Mimic,one,pick,0.0026443004608154297,0.030478477478027344,0.000885009765625,0.01202082633972168,0.005354166030883789
2025-02-19 11:59:17.729405,2,Hand Mimic,one,pick,0.002458810806274414,0.030312776565551758,0.0010478496551513672,0.031186819076538086,0.005125761032104492
2025-02-19 11:59:17.788151,2,Hand Mimic,one,pick,0.0005152225494384766,0.032655954360961914,0.0009253025054931641,0.013712644577026367,0.0036122798919677734
2025-02-19 11:59:17.865767,1,Hand Mimic,None,pick,0.0032501220703125,0.03411269187927246,0.00047326087951660156,0.006285905838012695,0.005020618438720703
2025-02-19 11:59:17.948920,1,Hand Mimic,None,pick,0.0024881362915039062,0.04778313636779785,0.00031948089599609375,0.005916595458984375,0.008467912673950195
2025-02-19 11:59:18.025017,0,Hand Mimic,None,None,0.0005831718444824219,0.0501704216003418,9.5367431640625e-07,1.4543533325195312e-05,0.004790782928466797
2025-02-19 11:59:18.089444,0,Hand Mimic,None,None,0.0007474422454833984,0.033483266830444336,1.1920928955078125e-06,2.1457672119140625e-05,0.008753061294555664
2025-02-19 11:59:18.141956,0,Hand Mimic,None,None,0.0012710094451904297,0.031759023666381836,1.430511474609375e-06,0.00012540817260742188,0.0016107559204101562
2025-02-19 11:59:18.206180,0,Hand Mimic,None,None,0.004181385040283203,0.0362849235534668,9.5367431640625e-07,3.266334533691406e-05,0.00579833984375
